id,overqualified
10636,0.3796425759792328
12024,0.5312082767486572
11353,0.5156577229499817
10555,0.34611183404922485
7751,0.49061694741249084
7003,0.4577086567878723
807,0.2654401659965515
7413,0.43781861662864685
5121,0.66992950439453125
3817,0.47192060947418213
6743,0.3521411120891571
12504,0.5967456698417664
6243,0.4762817323207855
8379,0.3345998525619507
1396,0.25171801447868347
5147,0.5221879482269287
11158,0.3571051359176636
1105,0.3544674217700958
6420,0.31620654463768005
5497,0.4920356869697571
5706,0.2693282961845398
6503,0.7782356142997742
9550,0.38242074847221375
12285,0.4430599808692932
11464,0.38686737418174744
2323,0.46018776297569275
3026,0.43712931871414185
1426,0.3815220594406128
6578,0.46897897124290466
9281,0.5222617387771606
12351,0.33558177947998047
928,0.43680691719055176
3693,0.4250974655151367
559,0.4732615351676941
11060,0.2622726261615753
11240,0.6679617762565613
1618,0.32183387875556946
4937,0.4505870044231415
4732,0.47751912474632263
8783,0.6056037545204163
4314,0.8476592302322388
1902,0.35952121019363403
10379,0.7137154340744019
5573,0.6588049530982971
2225,0.4757460951805115
4588,0.3526225686073303
3186,0.30764490365982056
7254,0.4860852360725403
11452,0.28779077529907227
4754,0.6322689652442932
6201,0.5259594321250916
10908,0.2985900640487671
5989,0.44023409485816956
6786,0.27812227606773376
5716,0.2557271718978882
6766,0.7122085094451904
12409,0.46007224917411804
3903,0.802103579044342
5514,0.545791745185852
12363,0.29102209210395813
2643,0.3525443375110626
4815,0.554242730140686
5334,0.33414435386657715
9641,0.21853899955749512
2178,0.437665730714798
6567,0.47726988792419434
2712,0.24317201972007751
5213,0.25282153487205505
10499,0.33569321036338806
11142,0.6908484101295471
5099,0.5806678533554077
3341,0.3579902648925781
9988,0.3746810555458069
10302,0.6121397614479065
11156,0.5295687913894653
3395,0.4593767523765564
4230,0.4685279130935669
7528,0.35868293046951294
2611,0.5198991894721985
2942,0.4722190201282501
2042,0.3126073479652405
4975,0.33530718088150024
865,0.3395971953868866
3089,0.5253426432609558
11937,0.39025312662124634
6734,0.30738863348960876
109,0.24189232289791107
791,0.4287577271461487
1605,0.770160973072052
1305,0.24206016957759857
3062,0.6633989214897156
10394,0.37067708373069763
4321,0.6262046694755554
2056,0.4951723515987396
502,0.3664940595626831
121,0.5711687207221985
182,0.41429659724235535
10614,0.43561190366744995
2632,0.4816926419734955
5828,0.7136518359184265
3192,0.5402032136917114
2591,0.7888009548187256
8662,0.6023300886154175
5133,0.5576111674308777
11206,0.3233794569969177
5144,0.3764592409133911
10679,0.4250207543373108
4533,0.32377302646636963
12490,0.716650664806366
5851,0.46185317635536194
12383,0.4063950479030609
8895,0.15397493541240692
3316,0.2578182518482208
11441,0.506664514541626
10543,0.4604189097881317
4050,0.27559393644332886
4302,0.15077431499958038
5094,0.47982314229011536
6466,0.2481425255537033
9414,0.4747042953968048
4575,0.25801900029182434
1275,0.24042277038097382
10350,0.27810776233673096
7606,0.6226441264152527
8648,0.4703637361526489
9191,0.435893714427948
7748,0.24378696084022522
9482,0.5526337027549744
11727,0.35586076974868774
1401,0.5824272036552429
641,0.455735981464386
6516,0.8252713680267334
4290,0.2882782518863678
1413,0.6377407312393188
10158,0.5346173644065857
11917,0.7532820701599121
7232,0.2914089560508728
1949,0.6161613464355469
11529,0.2986074686050415
3662,0.5542824268341064
1707,0.20700132846832275
2967,0.5936204195022583
11849,0.3017862141132355
3073,0.21102897822856903
2496,0.5638322830200195
2740,0.4104267954826355
8874,0.2577272653579712
9136,0.43159711360931396
7171,0.36757996678352356
4652,0.34355008602142334
10953,0.5482545495033264
2171,0.6651822328567505
7490,0.45496517419815063
3836,0.5776868462562561
4712,0.17720332741737366
12513,0.4154772162437439
2590,0.21038487553596497
3956,0.4051024913787842
12379,0.49622392654418945
5662,0.38816627860069275
1628,0.7199723720550537
6134,0.513215959072113
5033,0.34970763325691223
4968,0.2143707275390625
2107,0.7455662488937378
5127,0.23999938368797302
11812,0.4072106182575226
9931,0.3131462633609772
11617,0.312858909368515
9768,0.5907337069511414
9818,0.7478860020637512
649,0.1392531543970108
3838,0.5221491456031799
8894,0.38792964816093445
1930,0.7832368016242981
5158,0.3140065670013428
3201,0.40043574571609497
12315,0.26193350553512573
1701,0.4588416814804077
3266,0.17124198377132416
5411,0.426870197057724
1875,0.27870604395866394
8006,0.6071309447288513
8293,0.16119809448719025
4263,0.4875335693359375
11785,0.43811988830566406
6703,0.36210981011390686
6709,0.4747781455516815
7688,0.43344125151634216
2699,0.37691232562065125
6235,0.29907557368278503
2100,0.28524768352508545
5865,0.3211987614631653
848,0.3271206021308899
5726,0.4394867420196533
9400,0.27102130651474
3886,0.237249493598938
3280,0.2557360827922821
4312,0.4501974284648895
2159,0.6809276342391968
1702,0.307483047246933
4401,0.5793609619140625
4042,0.5808343291282654
6532,0.41954120993614197
3954,0.6955238580703735
2825,0.6779974699020386
12300,0.19387894868850708
12509,0.2963155210018158
10670,0.28298717737197876
8120,0.24308909475803375
4370,0.774729311466217
5159,0.5231877565383911
364,0.6681810617446899
11290,0.28269121050834656
298,0.7227709293365479
9834,0.282941073179245
6469,0.15584005415439606
9435,0.4688815474510193
871,0.476123183965683
11191,0.5840654373168945
5829,0.41859671473503113
5956,0.6096476912498474
5432,0.7440255284309387
7295,0.17574898898601532
7873,0.6410050392150879
7625,0.4562743604183197
11783,0.6050894260406494
11152,0.5013552904129028
11374,0.2907869815826416
2725,0.2812744677066803
9492,0.5217439532279968
11399,0.5405563116073608
10920,0.17614267766475677
7594,0.4615166485309601
12356,0.5159945487976074
3864,0.31230366230010986
9250,0.25082793831825256
11718,0.6219174861907959
8464,0.4602489471435547
5239,0.37294936180114746
4485,0.5133311748504639
11688,0.4112454950809479
3159,0.31436628103256226
12136,0.3933539390563965
9780,0.44055548310279846
11498,0.24339789152145386
3028,0.21866154670715332
3890,0.31515946984291077
8509,0.5758588314056396
2173,0.5534219741821289
5225,0.3667370080947876
4750,0.1939319223165512
122,0.6324434876441956
9992,0.30234330892562866
7016,0.20212657749652863
1769,0.618567168712616
6562,0.42313089966773987
793,0.26008233428001404
12218,0.46936097741127014
5319,0.7619984745979309
7804,0.4534762501716614
4669,0.5726202726364136
795,0.29276585578918457
643,0.36301738023757935
3781,0.3908461630344391
7435,0.6479122638702393
4606,0.22541475296020508
3508,0.2318509817123413
7091,0.5423486232757568
10810,0.25414595007896423
5673,0.6451181173324585
4201,0.25759708881378174
5014,0.7237812280654907
1985,0.3999119699001312
6454,0.49402734637260437
4183,0.40488114953041077
771,0.24534566700458527
9262,0.6075457334518433
4986,0.5964816808700562
6278,0.3299636244773865
6118,0.37765926122665405
9547,0.7324358820915222
4351,0.3548729121685028
1418,0.5105324387550354
3126,0.3676648736000061
5476,0.2564186155796051
12247,0.388348251581192
8499,0.4755129814147949
3818,0.35091352462768555
8822,0.6945736408233643
5943,0.6590989232063293
5672,0.5099402666091919
11408,0.14036843180656433
2662,0.4742244780063629
3734,0.64304119348526
6062,0.5497821569442749
6831,0.3292768597602844
263,0.3909637928009033
9933,0.5125260949134827
6489,0.3864702880382538
4577,0.32567209005355835
12030,0.6108126044273376
10186,0.3623434007167816
5274,0.22919458150863647
1036,0.8010594248771667
8324,0.3322139084339142
5736,0.3549690246582031
11215,0.46219131350517273
12493,0.4591920077800751
5622,0.4117952287197113
1011,0.5162049531936646
5570,0.3317972719669342
3444,0.6630348563194275
6465,0.3077152669429779
10376,0.22840729355812073
2009,0.4846212565898895
9610,0.17738860845565796
7640,0.40819957852363586
11495,0.37689006328582764
10055,0.3948557674884796
7791,0.3016350269317627
2102,0.23872914910316467
8222,0.29181647300720215
1673,0.6974847316741943
8975,0.5369126796722412
56,0.43225929141044617
8851,0.32251715660095215
2985,0.6842840909957886
11958,0.24731776118278503
2755,0.46530598402023315
7699,0.828890323638916
2211,0.2844814956188202
8033,0.3706800043582916
10315,0.3223240375518799
7940,0.29553303122520447
6882,0.18079346418380737
7840,0.22754789888858795
839,0.6353124380111694
437,0.2720189094543457
3120,0.4270213544368744
3972,0.33390066027641296
1669,0.4103931188583374
735,0.34665828943252563
4636,0.42027899622917175
3547,0.5715422034263611
6225,0.3484964072704315
4006,0.5524604320526123
6869,0.34264323115348816
8463,0.3241693377494812
1680,0.6793492436408997
5975,0.3560190200805664
8682,0.6020652651786804
4021,0.31341812014579773
8140,0.3667455017566681
5129,0.24220618605613708
11177,0.5238860249519348
8907,0.3138504922389984
10265,0.555385172367096
2756,0.5225576758384705
7084,0.3517032265663147
642,0.21754594147205353
1139,0.38744309544563293
2357,0.4406070411205292
3511,0.39717575907707214
10109,0.3534172773361206
4580,0.30797889828681946
3966,0.5985392332077026
3448,0.19773457944393158
2114,0.29287612438201904
5437,0.2947138845920563
12110,0.37649911642074585
2952,0.6458612084388733
5962,0.33687934279441833
11067,0.2719755172729492
2124,0.44367867708206177
12370,0.4617849588394165
2546,0.43162837624549866
1215,0.4770401418209076
12059,0.3586249351501465
9509,0.6265953779220581
4034,0.3567219078540802
11548,0.7451480031013489
7377,0.31581348180770874
9800,0.7565010190010071
6758,0.18612368404865265
6368,0.3194602429866791
406,0.2715088427066803
3862,0.3455105721950531
2994,0.5669864416122437
5775,0.17724895477294922
8892,0.39197781682014465
6827,0.4885789155960083
6177,0.24882501363754272
10918,0.45515042543411255
5790,0.30700284242630005
7818,0.3446115255355835
2784,0.24148982763290405
5921,0.25392216444015503
10185,0.53215789794921875
7144,0.4094060957431793
5765,0.4326590299606323
2330,0.5878803730010986
11122,0.35320818424224854
4849,0.47947385907173157
941,0.4265826642513275
1968,0.35323047637939453
5131,0.5142057538032532
7982,0.34792181849479675
4012,0.3114711344242096
8191,0.58493804931640625
1409,0.6670751571655273
6783,0.7405502200126648
12420,0.37388497591018677
8127,0.3184296786785126
718,0.5277435183525085
12034,0.3898039758205414
7794,0.5946269631385803
11554,0.36414775252342224
11601,0.6234164237976074
10598,0.6434710621833801
4638,0.3027787506580353
8244,0.418965607881546
691,0.538311779499054
8030,0.6681907176971436
2986,0.30098414421081543
993,0.6400668621063232
12082,0.47635793685913086
11032,0.3021540939807892
1430,0.338582307100296
754,0.37196752429008484
2244,0.5072438716888428
9452,0.22537925839424133
4175,0.4136720895767212
12328,0.41823041439056396
1044,0.4276006817817688
4443,0.44692185521125793
11123,0.5941881537437439
7053,0.24547329545021057
11084,0.3639819622039795
11150,0.8131784200668335
11034,0.342995822429657
11214,0.26978105306625366
11323,0.29525741934776306
6065,0.6292291283607483
11451,0.22257401049137115
9068,0.5076309442520142
7396,0.5290948152542114
266,0.5541349649429321
6915,0.5958942174911499
4611,0.5227720737457275
4080,0.18827463686466217
10531,0.4575403928756714
2108,0.17835822701454163
150,0.5784469246864319
8567,0.3471861779689789
8534,0.3968018889427185
2767,0.41304636001586914
10214,0.3190467953681946
8280,0.20108172297477722
7841,0.2102067470550537
478,0.6470265984535217
10027,0.5174368619918823
8982,0.15318094193935394
3935,0.4338751435279846
2569,0.55754852294921875
8748,0.30131661891937256
7647,0.5026791095733643
5905,0.3444468677043915
8986,0.6299059987068176
5311,0.41211313009262085
1350,0.44101259112358093
5326,0.4173210859298706
609,0.5106885433197021
1924,0.3956450819969177
7746,0.2556651532649994
5116,0.34124472737312317
3030,0.38433101773262024
9961,0.5029863119125366
11453,0.669541597366333
9782,0.45613741874694824
10708,0.5520418286323547
4541,0.37876683473587036
2117,0.2940589189529419
5867,0.4023272395133972
5123,0.5888188481330872
1903,0.5376832485198975
6576,0.36159631609916687
2058,0.36262738704681396
640,0.4273320138454437
4251,0.5874409675598145
224,0.3868711590766907
5455,0.37766170501708984
7385,0.38736966252326965
5929,0.34547197818756104
9808,0.33635929226875305
982,0.5534953474998474
10187,0.12730564177036285
955,0.3062531352043152
820,0.47540172934532166
9059,0.31032148003578186
11801,0.5669892430305481
265,0.4431056082248688
2834,0.6705514192581177
5596,0.5079319477081299
615,0.4921157956123352
4889,0.30933669209480286
9123,0.3366059362888336
2519,0.34585514664649963
3967,0.19188596308231354
11176,0.33278465270996094
2165,0.30470865964889526
11692,0.22896257042884827
7916,0.4847571551799774
5057,0.6044620275497437
4196,0.6207939982414246
12390,0.6469935774803162
4393,0.49133431911468506
12083,0.6677923202514648
6471,0.29495200514793396
2344,0.43959781527519226
2214,0.39468422532081604
3094,0.7885039448738098
1552,0.2590113878250122
5778,0.687466025352478
2706,0.22699780762195587
8219,0.40442100167274475
8593,0.27307432889938354
7854,0.35288235545158386
1987,0.5072047114372253
6377,0.4218927025794983
2501,0.5394232273101807
4275,0.500011146068573
4018,0.6148094534873962
11427,0.4715193808078766
1531,0.32619449496269226
6366,0.6499102711677551
226,0.42218631505966187
6288,0.47181186079978943
5486,0.5326815843582153
8617,0.31029587984085083
6478,0.2596553564071655
2793,0.36240822076797485
1093,0.3908160328865051
9677,0.2502903640270233
6580,0.18632511794567108
1317,0.39976802468299866
9366,0.7929955124855042
7443,0.6392454504966736
11009,0.712536633014679
93,0.256450355052948
9672,0.22965332865715027
9802,0.6179752945899963
824,0.6413631439208984
5518,0.31496700644493103
1533,0.4151361882686615
3290,0.4655354619026184
11341,0.5126137137413025
11225,0.43618395924568176
7878,0.6475794315338135
11966,0.6898613572120667
6223,0.41457056999206543
805,0.17465728521347046
3895,0.7764500975608826
9271,0.41876012086868286
10190,0.273364394903183
6671,0.2512151300907135
2302,0.2683984935283661
11455,0.547161877155304
5602,0.21610473096370697
4199,0.508787214756012
3803,0.32559555768966675
11484,0.6209195256233215
2617,0.37411972880363464
2447,0.2205960750579834
4177,0.7874657511711121
11236,0.2515603005886078
7465,0.3011820614337921
667,0.33726945519447327
3470,0.23574699461460114
10932,0.4858478307723999
10916,0.37181779742240906
7906,0.6104320287704468
2710,0.5997155904769897
4940,0.12095912545919418
7440,0.2725668251514435
10838,0.3795303702354431
4305,0.631754994392395
8381,0.24886636435985565
7809,0.47469183802604675
8632,0.3317600190639496
3826,0.6968712210655212
95,0.6858876943588257
9142,0.2639962434768677
1891,0.2412429302930832
2821,0.3343130946159363
1205,0.38758766651153564
3737,0.8094823360443115
1196,0.35435011982917786
2390,0.3937045931816101
1443,0.7967392206192017
10399,0.6484569907188416
5538,0.3747645318508148
575,0.6734941601753235
9336,0.23660163581371307
2523,0.6887944340705872
8107,0.4332680404186249
1025,0.5868383646011353
7693,0.3570440113544464
492,0.1628442406654358
8515,0.7357297539710999
2579,0.32803982496261597
4147,0.3194868564605713
6125,0.22145815193653107
5968,0.5747656226158142
2819,0.5933846831321716
3496,0.43453681468963623
8469,0.18394383788108826
212,0.29983529448509216
3461,0.4253082871437073
4571,0.5348978042602539
10033,0.32429948449134827
9304,0.16303132474422455
5806,0.5170466899871826
525,0.5263295769691467
8815,0.22837837040424347
3100,0.46216341853141785
918,0.6203774809837341
4765,0.40718552470207214
8448,0.714728593826294
6440,0.3298475742340088
12239,0.22218288481235504
7250,0.32440659403800964
8386,0.27078431844711304
6156,0.5025665163993835
7164,0.3967815041542053
6757,0.24563102424144745
2193,0.388947993516922
8666,0.41318467259407043
8370,0.3444870412349701
2281,0.404409259557724
9664,0.6748193502426147
149,0.45442602038383484
8455,0.5311924815177917
7847,0.29144829511642456
3861,0.5594664216041565
10070,0.526434063911438
9997,0.6037929058074951
2835,0.4416027069091797
8143,0.6405310034751892
5477,0.1701507866382599
9292,0.4045458734035492
10905,0.5478256940841675
10143,0.5142560601234436
7012,0.37824830412864685
5238,0.21843349933624268
11340,0.6607919931411743
2424,0.6720791459083557
3059,0.350333571434021
5434,0.5114735960960388
1714,0.512086033821106
1534,0.46380022168159485
10898,0.22804869711399078
7775,0.3198550343513489
2184,0.5445863604545593
2766,0.48737332224845886
9516,0.5179355144500732
9206,0.48078402876853943
3580,0.4334644079208374
3270,0.5221797823905945
1914,0.35495254397392273
819,0.14284653961658478
12424,0.29424571990966797
1064,0.3632625341415405
6247,0.4985329210758209
2268,0.2788069546222687
10031,0.5180405974388123
9966,0.2351912558078766
1664,0.3349376916885376
9714,0.43844684958457947
7056,0.4011308550834656
3740,0.4797596335411072
1376,0.5146023631095886
12166,0.2772468626499176
5375,0.22879880666732788
3069,0.31986716389656067
519,0.41839662194252014
970,0.5908185839653015
1544,0.26520663499832153
12232,0.33121705055236816
4316,0.2834007740020752
9253,0.6373518705368042
12417,0.4323221743106842
756,0.476862370967865
4194,0.6025699973106384
12139,0.2192656695842743
912,0.49367356300354004
370,0.6515031456947327
8086,0.330440878868103
2975,0.38654232025146484
7712,0.27165451645851135
2474,0.6895085573196411
10798,0.40605369210243225
6640,0.4475407600402832
8925,0.5820702314376831
7192,0.39851272106170654
3345,0.5895719528198242
7283,0.600885272026062
1078,0.5545757412910461
11923,0.13967551290988922
5628,0.50571441650390625
5529,0.3712722957134247
5785,0.45196589827537537
9006,0.36049649119377136
2953,0.38606390357017517
4966,0.4988941550254822
8507,0.44291332364082336
2880,0.5230515599250793
7209,0.4485577642917633
10896,0.3372337818145752
188,0.6760877966880798
6036,0.23533184826374054
9497,0.6625439524650574
3380,0.23654615879058838
297,0.7162817716598511
5178,0.3506068289279938
12364,0.4605332314968109
1442,0.34751564264297485
9963,0.26742056012153625
599,0.2038189172744751
789,0.4823393225669861
4707,0.4840291142463684
6421,0.6468228697776794
12460,0.5543360114097595
2046,0.3700298070907593
7,0.30261263251304626
9980,0.461808443069458
2573,0.1675807386636734
6463,0.5138960480690002
12011,0.5962804555892944
809,0.7849419713020325
7449,0.5271732807159424
625,0.5141881704330444
10142,0.4865194261074066
5747,0.34333527088165283
3295,0.4559685289859772
11644,0.4479406476020813
6725,0.5061430335044861
1472,0.38618120551109314
3994,0.40529340505599976
10964,0.5236801505088806
1141,0.2595891058444977
3326,0.6350390315055847
8259,0.5589925050735474
11189,0.6666467189788818
9999,0.8122916221618652
4835,0.19118160009384155
5098,0.5761153697967529
1588,0.28855857253074646
11684,0.6635041236877441
8899,0.44478219747543335
10334,0.3689194321632385
11139,0.5456112623214722
12266,0.41949009895324707
8059,0.28914666175842285
6108,0.6674661040306091
2399,0.4455721080303192
6394,0.5857216119766235
6090,0.6795902252197266
2174,0.36206096410751343
1969,0.5919713377952576
8054,0.2717880606651306
4528,0.40627986192703247
8407,0.2816871106624603
5948,0.3754214644432068
825,0.48779597878456116
379,0.2820110619068146
9881,0.37303677201271057
4576,0.5515715479850769
5038,0.23778268694877625
6155,0.2776537239551544
8776,0.674768328666687
10653,0.3661959171295166
3369,0.29965126514434814
3199,0.354303777217865
2992,0.3420017957687378
201,0.31126871705055237
67,0.43212413787841797
9404,0.42260342836380005
7416,0.44633379578590393
11371,0.5957000851631165
3138,0.48578593134880066
10686,0.40192094445228577
2816,0.25516316294670105
2558,0.3119106590747833
9318,0.682727575302124
5380,0.5213770270347595
1209,0.4181307554244995
5124,0.4669491946697235
760,0.28661540150642395
1805,0.40213537216186523
9112,0.6513018012046814
6,0.2674548625946045
2796,0.5302318930625916
8658,0.39080584049224854
3198,0.28578227758407593
1303,0.5669815540313721
3787,0.16641248762607574
9868,0.6606084108352661
350,0.6220054626464844
9583,0.31166863441467285
5928,0.3475727140903473
8419,0.3681981861591339
9430,0.3910118043422699
8958,0.2552458941936493
8483,0.5110012292861938
7903,0.3447119891643524
4362,0.6130040287971497
10675,0.2230655550956726
4709,0.29444989562034607
6147,0.48584580421447754
303,0.2883322536945343
8004,0.307247519493103
6577,0.2518327534198761
2070,0.3176646828651428
7855,0.30525436997413635
7408,0.2797412574291229
8553,0.4094935357570648
6587,0.41678938269615173
9008,0.3072018623352051
7755,0.32488247752189636
11200,0.3934154808521271
7354,0.43331378698349
10305,0.26236146688461304
8634,0.5078566074371338
5610,0.3674014210700989
1320,0.5144206285476685
3541,0.4120626449584961
5167,0.31742870807647705
6346,0.19116869568824768
5050,0.6733194589614868
692,0.8011912107467651
5251,0.15180376172065735
3241,0.4467897415161133
7398,0.37518608570098877
5444,0.4345889091491699
2729,0.43817010521888733
3299,0.6783494353294373
12242,0.5703462958335876
5485,0.38868409395217896
3804,0.7808650135993958
11047,0.12959247827529907
8903,0.33427590131759644
10900,0.46253132820129395
8604,0.6254452466964722
5846,0.47345349192619324
10467,0.5409670472145081
6320,0.37998148798942566
4259,0.25600987672805786
4524,0.6089237332344055
8646,0.3314054012298584
11744,0.7552911639213562
5165,0.3462684452533722
11318,0.1523006409406662
6690,0.31624075770378113
1990,0.36176174879074097
2984,0.6016034483909607
10500,0.5081039667129517
6111,0.6940493583679199
5056,0.7879607677459717
4518,0.28371870517730713
8124,0.2896765470504761
6543,0.6283155083656311
2441,0.32257476449012756
11697,0.321954607963562
7496,0.19095012545585632
11360,0.3911156952381134
7474,0.4146513044834137
8709,0.46079951524734497
10694,0.323095440864563
1624,0.26271456480026245
3719,0.647625744342804
5128,0.5175383687019348
11749,0.34465235471725464
3922,0.6084665060043335
10762,0.22730013728141785
6175,0.14917020499706268
2922,0.6944532990455627
12131,0.3091330826282501
5977,0.3454941511154175
8130,0.4017657935619354
8364,0.399513304233551
8063,0.526482880115509
1676,0.4955015778541565
3579,0.572399914264679
7242,0.4154356122016907
4191,0.33651721477508545
9702,0.24406716227531433
9277,0.5515649318695068
7575,0.386182576417923
9871,0.34387093782424927
9462,0.4847399890422821
12117,0.5796967148780823
5298,0.4546928405761719
1466,0.4398479163646698
542,0.33154547214508057
102,0.634887158870697
9247,0.7209051847457886
8421,0.3061179518699646
10520,0.556684672832489
8234,0.18201176822185516
11561,0.36404353380203247
4660,0.3632916510105133
1098,0.7110332250595093
2840,0.5970580577850342
4424,0.27254006266593933
11106,0.2217184156179428
11627,0.6664912104606628
12128,0.2078196108341217
11793,0.37351977825164795
5648,0.3018624484539032
2726,0.24636210501194
707,0.33610209822654724
7094,0.37853866815567017
12329,0.7170025110244751
3520,0.43781545758247375
4319,0.26638922095298767
11073,0.3451797068119049
10832,0.4740404188632965
8536,0.27932530641555786
11488,0.4041565954685211
10087,0.36704427003860474
7237,0.2397344559431076
9732,0.4345473051071167
9069,0.3489607274532318
3983,0.2615812122821808
2870,0.45897525548934937
7098,0.49010342359542847
3114,0.26709967851638794
4628,0.21579881012439728
8084,0.4443870484828949
816,0.449115127325058
10018,0.26288318634033203
10387,0.2670537531375885
7908,0.3491934537887573
5682,0.3624846339225769
11057,0.7933596968650818
2238,0.535963773727417
10443,0.1501794159412384
11294,0.5193003416061401
5772,0.610877275466919
5919,0.577715277671814
4353,0.47505608201026917
5456,0.2543591558933258
6581,0.4142681360244751
8677,0.8140589594841003
6072,0.2762279510498047
6790,0.5136116147041321
10303,0.35773852467536926
9916,0.2654455900192261
7955,0.2737653851509094
6028,0.16716521978378296
1393,0.6311903595924377
10117,0.7638314962387085
3103,0.4590531587600708
9416,0.5517627596855164
2937,0.2284875065088272
1031,0.20838598906993866
6742,0.4976068139076233
12087,0.4194212555885315
10558,0.5782780647277832
10529,0.3848116397857666
6126,0.28504663705825806
11320,0.5263522267341614
5297,0.3212885558605194
4579,0.3275129199028015
4834,0.44261565804481506
9332,0.6418700218200684
7137,0.38914838433265686
2656,0.3268815279006958
4566,0.35642582178115845
10157,0.3198496699333191
7795,0.7623518705368042
6244,0.2538667321205139
774,0.7631162405014038
4140,0.6641757488250732
5563,0.6304218769073486
4793,0.40412357449531555
11722,0.3136010766029358
3420,0.7754077911376953
9918,0.5101521611213684
4088,0.5268431305885315
7236,0.576143205165863
701,0.35171785950660706
2340,0.7157754898071289
8841,0.18864695727825165
5096,0.23370012640953064
2795,0.25318780541419983
11148,0.29451996088027954
4609,0.2431155890226364
10466,0.3510979115962982
2516,0.5486266016960144
1972,0.3843174874782562
3768,0.4464462101459503
11208,0.49632033705711365
645,0.2164394110441208
9487,0.47533977031707764
5730,0.2096623182296753
2949,0.5277619361877441
8835,0.15827997028827667
5843,0.3415534794330597
328,0.24291469156742096
7054,0.38598692417144775
5042,0.3255969285964966
3157,0.21986818313598633
1627,0.8191908001899719
3377,0.3325091600418091
8741,0.2058776170015335
3657,0.325823575258255
11870,0.6102203130722046
8445,0.3119674026966095
7395,0.3293258845806122
7129,0.3734641671180725
4620,0.3465411067008972
11837,0.5352155566215515
455,0.45802515745162964
5593,0.5043594837188721
7829,0.32017502188682556
6579,0.37552130222320557
3274,0.334051251411438
9865,0.46673646569252014
6217,0.531293511390686
1293,0.6623550057411194
4751,0.5243598222732544
8344,0.4830779433250427
4157,0.24866773188114166
7645,0.44389957189559937
8588,0.32325291633605957
10885,0.30278193950653076
3589,0.586239218711853
1611,0.4943770170211792
1668,0.31707677245140076
6025,0.2224273383617401
6714,0.5817611217498779
9783,0.19777356088161469
30,0.5991197228431702
6919,0.35273683071136475
9343,0.300248920917511
9082,0.2547318935394287
2035,0.4628976881504059
10664,0.35790973901748657
11746,0.281718373298645
10073,0.3381198048591614
5693,0.4637175500392914
279,0.28926485776901245
7884,0.17419494688510895
8529,0.3927314281463623
864,0.47573691606521606
9771,0.5192620754241943
6414,0.5499734878540039
10000,0.24554245173931122
10306,0.38261768221855164
9711,0.2932310402393341
5452,0.18226566910743713
8217,0.5978292226791382
11375,0.2551375925540924
12415,0.5497758984565735
7078,0.4971896708011627
3096,0.3716406226158142
6206,0.38658276200294495
10835,0.32417669892311096
9291,0.6038334369659424
2387,0.49468564987182617
11202,0.33692800998687744
3531,0.3030306100845337
11169,0.3816455900669098
8939,0.6775156259536743
1112,0.3724854588508606
3950,0.5911461710929871
6672,0.4870445430278778
7418,0.5297967791557312
10115,0.5318920016288757
3090,0.44777175784111023
11874,0.46396777033805847
3536,0.17987336218357086
5574,0.7450019717216492
2587,0.4583120346069336
5490,0.33519425988197327
7724,0.7467641830444336
1609,0.4360838234424591
6675,0.20796798169612885
7162,0.18450576066970825
1581,0.19535702466964722
9481,0.5537122488021851
11539,0.23686529695987701
1425,0.5135354995727539
7546,0.4627019166946411
10957,0.46281224489212036
10974,0.44786250591278076
4068,0.40070655941963196
926,0.7399455904960632
882,0.5772196054458618
10714,0.6242652535438538
9813,0.29062947630882263
7731,0.635669469833374
9338,0.5576830506324768
624,0.7220280170440674
6538,0.3762602210044861
10167,0.36439159512519836
2522,0.33760401606559753
7862,0.7775911092758179
1740,0.5811352133750916
8184,0.3699072301387787
3797,0.37339818477630615
4794,0.3569711744785309
10209,0.41734352707862854
9195,0.36659517884254456
2666,0.6105781197547913
10432,0.604557454586029
10698,0.23178866505622864
498,0.35549041628837585
752,0.34168267250061035
6462,0.3707616925239563
7708,0.3503643274307251
12387,0.4183284342288971
8309,0.2668062448501587
1948,0.2755568027496338
9952,0.3361010253429413
10697,0.35735011100769043
12066,0.38803237676620483
748,0.4800622761249542
2470,0.29806679487228394
11650,0.25912415981292725
12524,0.43072983622550964
7902,0.45470505952835083
11293,0.6856217980384827
9784,0.6381138563156128
6537,0.3548692464828491
7308,0.21190382540225983
258,0.33068883419036865
11147,0.6583986878395081
10557,0.45500051975250244
2138,0.7478072047233582
8516,0.3967267572879791
10593,0.09044131636619568
9858,0.7019332051277161
931,0.4063229560852051
4117,0.7882364988327026
238,0.49968215823173523
6026,0.33151775598526
10917,0.6522449254989624
2938,0.28309619426727295
1774,0.520626425743103
2832,0.4204327166080475
11135,0.2848225235939026
4865,0.16289621591567993
6593,0.6284394860267639
9738,0.3653709292411804
2085,0.7857276797294617
10624,0.29085466265678406
12008,0.597666323184967
8163,0.35769474506378174
8475,0.34417998790740967
8584,0.3704141676425934
5269,0.272354394197464
12212,0.36059531569480896
1165,0.49817290902137756
5850,0.43389713764190674
3965,0.2992028295993805
1997,0.4494139552116394
2898,0.4015966057777405
4514,0.36331823468208313
9927,0.5614226460456848
8702,0.43292590975761414
4203,0.36244967579841614
8897,0.26480036973953247
8167,0.15779522061347961
5976,0.37520384788513184
1982,0.2807158827781677
10392,0.25047796964645386
5407,0.29258227348327637
10352,0.5304981470108032
10273,0.23055213689804077
1475,0.32584458589553833
1441,0.4427242875099182
4165,0.6160480380058289
1795,0.3838638365268707
10689,0.5622105598449707
6704,0.5517697930335999
8522,0.4819854497909546
8615,0.6901647448539734
11536,0.6113812923431396
8101,0.26928821206092834
8679,0.38640207052230835
7271,0.32500144839286804
10455,0.5567376017570496
4856,0.35956794023513794
7558,0.29212918877601624
10482,0.4529808461666107
3544,0.3564203381538391
9582,0.1748999059200287
1245,0.6514501571655273
9162,0.45156803727149963
2358,0.4863653779029846
12402,0.5186513662338257
1712,0.4976450800895691
10114,0.2753334939479828
9827,0.42750322818756104
508,0.5188103914260864
8722,0.5277998447418213
7834,0.45652684569358826
7120,0.4159592092037201
8238,0.29556334018707275
943,0.49789154529571533
9402,0.354062020778656
6002,0.5787214636802673
1904,0.39405322074890137
5175,0.47853514552116394
2144,0.49264034628868103
10071,0.34569963812828064
2404,0.6665372252464294
159,0.6691941022872925
8325,0.4922654628753662
9797,0.35778310894966125
7007,0.23063580691814423
9325,0.611513614654541
1298,0.8488438725471497
5201,0.30279240012168884
11643,0.32968389987945557
6121,0.7328230738639832
7218,0.18520738184452057
6485,0.3551313281059265
6389,0.47812867164611816
8338,0.4515756368637085
9872,0.3885917365550995
7907,0.2564717233181
497,0.1085381805896759
12174,0.2485184222459793
3056,0.5344763398170471
8440,0.3134925663471222
7340,0.4278509318828583
3409,0.40201157331466675
6383,0.21285347640514374
11738,0.37853971123695374
321,0.54971843957901
6010,0.5279443860054016
10641,0.36825382709503174
4914,0.3491709530353546
921,0.44207945466041565
3647,0.5409979820251465
1793,0.6015682220458984
5065,0.6553820967674255
3923,0.20511125028133392
3501,0.3785497546195984
1752,0.5715268850326538
5823,0.38330036401748657
1638,0.16328082978725433
8967,0.5978796482086182
6636,0.8418743014335632
203,0.24741630256175995
4365,0.24758684635162354
4432,0.410524845123291
568,0.6217354536056519
12437,0.5487280488014221
3576,0.5484355688095093
913,0.4138248860836029
4410,0.5772767066955566
165,0.5505108833312988
4979,0.5089277625083923
3097,0.33738043904304504
3569,0.4630420207977295
7836,0.23413324356079102
5244,0.39793920516967773
4064,0.5001131892204285
2758,0.26583364605903625
10284,0.30971747636795044
10530,0.8114575743675232
6447,0.2615048289299011
12095,0.2943972051143646
3464,0.6470020413398743
11363,0.35544726252555847
9269,0.7785285711288452
6833,0.558648943901062
7233,0.11229623854160309
4296,0.5569767355918884
3648,0.7792007923126221
883,0.532314121723175
8965,0.4309011697769165
9352,0.38571029901504517
2955,0.42650917172431946
3574,0.2690556049346924
11869,0.4107554852962494
2122,0.518575131893158
9442,0.4573463797569275
997,0.4684584140777588
1470,0.3185994625091553
11380,0.41705846786499023
1000,0.3334062397480011
742,0.5243556499481201
3273,0.3432199954986572
11823,0.34932079911231995
9306,0.4890713095664978
4097,0.7005390524864197
5000,0.3267154097557068
3810,0.4424850344657898
4587,0.3437984883785248
9986,0.8006632924079895
2348,0.3432268798351288
8313,0.4083468019962311
906,0.4556209146976471
4035,0.3132374882698059
10604,0.5894765257835388
5940,0.24206571280956268
2433,0.40629252791404724
1569,0.6293031573295593
11401,0.3238459527492523
11334,0.28833919763565063
7781,0.12345248460769653
4471,0.4335172474384308
6644,0.3610498011112213
1351,0.41590213775634766
9546,0.29526445269584656
6847,0.2605164349079132
6391,0.6860767006874084
9900,0.6380290389060974
10227,0.4909277558326721
1145,0.49126309156417847
10980,0.32132822275161743
9143,0.7581439018249512
9207,0.38692405819892883
4892,0.5290438532829285
8725,0.4895865321159363
1468,0.49868133664131165
11350,0.7480643391609192
6019,0.25723549723625183
5185,0.31110960245132446
4477,0.5524083971977234
2715,0.22256770730018616
10824,0.5848157405853271
1870,0.3773861825466156
5811,0.4873170852661133
3187,0.5491058230400085
8485,0.2892475724220276
580,0.4105360507965088
8169,0.7284982204437256
7439,0.48296070098876953
1538,0.21924132108688354
1446,0.6621588468551636
5344,0.5843862295150757
1018,0.6453536748886108
11301,0.2553443908691406
6507,0.5441908836364746
4687,0.8303680419921875
11592,0.4746037423610687
4386,0.3600822687149048
10784,0.4614143967628479
4684,0.38185349106788635
10328,0.6877517104148865
4704,0.49600687623023987
1612,0.5895720720291138
1362,0.30097320675849915
5659,0.4339922368526459
9399,0.4793492555618286
3167,0.3466622233390808
11235,0.36694106459617615
2595,0.6995724439620972
12284,0.2209402173757553
10271,0.4725092649459839
929,0.6895449757575989
3127,0.4697965383529663
7733,0.6298766136169434
855,0.6280759572982788
1489,0.6304064393043518
6470,0.21993613243103027
4428,0.4508098363876343
8001,0.7905571460723877
7662,0.3462243676185608
6295,0.814917802810669
8180,0.47620347142219543
11926,0.16480684280395508
8276,0.6391491889953613
12156,0.31610748171806335
1059,0.43739113211631775
7698,0.555769145488739
4357,0.7035969495773315
696,0.6330810189247131
7566,0.532391369342804
5861,0.6918506026268005
5492,0.32203227281570435
2956,0.2647565007209778
8685,0.2742898166179657
3714,0.6978367567062378
2482,0.45549359917640686
4009,0.2654748857021332
8902,0.42351391911506653
634,0.594103991985321
3665,0.3053063452243805
5392,0.6880956292152405
1945,0.4154866933822632
7615,0.39453041553497314
11161,0.5774868130683899
1768,0.8531796932220459
10351,0.6744627952575684
1402,0.5268005132675171
9721,0.242129847407341
2133,0.4297654926776886
8482,0.722593367099762
2700,0.7519848346710205
10014,0.6934426426887512
12396,0.3922315835952759
5480,0.5579391121864319
6923,0.3576885163784027
4681,0.3110008239746094
3,0.29564082622528076
3209,0.4391460418701172
8597,0.21846145391464233
1535,0.4060576558113098
5937,0.6566711664199829
2106,0.6504870653152466
6415,0.7123192548751831
1471,0.45043328404426575
5078,0.2610962390899658
2397,0.6696503162384033
2749,0.4788852632045746
11217,0.47624316811561584
8546,0.65676116943359375
5792,0.29538238048553467
2931,0.6168108582496643
2763,0.4024701714515686
1461,0.35190439224243164
11160,0.5928272604942322
823,0.26636624336242676
6849,0.3798149526119232
4093,0.5490524172782898
11661,0.34585317969322205
2868,0.5991710424423218
11190,0.1861400455236435
11392,0.3904743194580078
2653,0.2759644091129303
9640,0.4047144055366516
5702,0.33033785223960876
6646,0.2298009991645813
7118,0.2651495933532715
4434,0.456391841173172
3517,0.5131950378417969
4245,0.32382139563560486
12481,0.1899791806936264
10895,0.4890161156654358
10036,0.584887683391571
12109,0.29596197605133057
8854,0.42382144927978516
4254,0.15038184821605682
237,0.591838538646698
2195,0.13747580349445343
12221,0.37213456630706787
7952,0.17075084149837494
1416,0.3677355945110321
5479,0.5306872725486755
4920,0.6318287253379822
572,0.3165842294692993
10828,0.3866036534309387
8596,0.6842603087425232
3450,0.3788175880908966
8039,0.5239420533180237
2514,0.2669779360294342
3502,0.3976671099662781
2779,0.46657365560531616
255,0.2742139399051666
6736,0.551559567451477
12529,0.6515539288520813
11540,0.5421589612960815
646,0.3637300729751587
9597,0.2249384969472885
8332,0.6147125363349915
12067,0.3620472252368927
5913,0.3461456298828125
4689,0.5375264883041382
6696,0.2025885432958603
3560,0.7467641830444336
937,0.4682716429233551
357,0.23791804909706116
5032,0.3632568120956421
12084,0.5933434367179871
5115,0.2457462102174759
8763,0.3115294277667999
6039,0.32043561339378357
9115,0.29663127660751343
11113,0.21012039482593536
12410,0.41498076915740967
3177,0.4974459409713745
3635,0.5495973229408264
992,0.36509644985198975
6015,0.609708309173584
1263,0.34182286262512207
4078,0.5047078728675842
4350,0.2713983654975891
11796,0.3962169885635376
47,0.6977797150611877
11918,0.17621685564517975
6163,0.5460104942321777
9793,0.37065690755844116
2513,0.5476120114326477
2702,0.672183632850647
10983,0.4547111690044403
2200,0.6340538859367371
12265,0.31959691643714905
6598,0.605842649936676
5853,0.4866831600666046
6914,0.5979390740394592
4044,0.6407362222671509
10654,0.4188353717327118
5891,0.5447206497192383
8865,0.6106610298156738
11292,0.24050556123256683
2976,0.4579627513885498
10341,0.381346195936203
4574,0.3165464401245117
3333,0.21976584196090698
7875,0.2923458218574524
600,0.40234678983688354
5978,0.3836134076118469
8840,0.3867112696170807
6586,0.47283226251602173
10616,0.4424317181110382
11940,0.5728819370269775
7756,0.16543297469615936
4268,0.4030069410800934
5300,0.498386949300766
6775,0.3453066647052765
11231,0.2511819303035736
7774,0.5308638215065002
7327,0.7492790818214417
5961,0.4234027564525604
850,0.23278477787971497
8800,0.8534078001976013
5148,0.3883397579193115
5856,0.2590096890926361
7807,0.3535924553871155
1992,0.564433753490448
4942,0.4084760248661041
4945,0.2486678808927536
10579,0.5479534864425659
6673,0.6099852323532104
3670,0.30874747037887573
8170,0.37517547607421875
12238,0.393567830324173
3891,0.5431831479072571
10552,0.271597295999527
7200,0.5267777442932129
6504,0.49287018179893494
11626,0.4162123203277588
6370,0.5476714968681335
1865,0.36904940009117126
11467,0.3884446620941162
7125,0.3400711715221405
8950,0.4777418375015259
11107,0.38383400440216064
7720,0.4013139605522156
11956,0.3394595682621002
12100,0.20359696447849274
3247,0.39270302653312683
1226,0.6307308673858643
10396,0.2571691870689392
9178,0.5862131118774414
7412,0.45483651757240295
8619,0.41026219725608826
7861,0.2779071033000946
4900,0.6847107410430908
6925,0.43730223178863525
5694,0.27436786890029907
7803,0.2922801077365875
9962,0.6923898458480835
4,0.3019757866859436
5363,0.31646838784217834
5125,0.39827725291252136
10589,0.44945135712623596
2091,0.5676705837249756
9825,0.5685548782348633
11729,0.22734670341014862
8472,0.28415369987487793
9130,0.7370414733886719
10751,0.658100962638855
8171,0.37057405710220337
3548,0.48536601662635803
5084,0.21232517063617706
3403,0.6817106604576111
7526,0.3967064917087555
8264,0.3998437225818634
1580,0.40833741426467896
6294,0.4674946367740631
2028,0.3807903528213501
3181,0.5977373123168945
8758,0.5877373218536377
6863,0.63837069272995
4155,0.20322366058826447
2982,0.3378756046295166
6523,0.6709368228912354
8542,0.3693138062953949
3873,0.36911237239837646
10609,0.8022497892379761
7904,0.4739815592765808
1647,0.34909892082214355
11040,0.28030794858932495
10746,0.1592986136674881
11438,0.3407135307788849
9576,0.2786204516887665
4406,0.36357149481773376
11499,0.4104042053222656
11551,0.24576498568058014
7629,0.6433539390563965
3480,0.5298519134521484
5449,0.36607253551483154
3251,0.45839980244636536
2479,0.37629735469818115
12337,0.5062334537506104
3376,0.632293701171875
10232,0.4585578441619873
3883,0.47676584124565125
10823,0.6184895038604736
2988,0.3688347041606903
220,0.5236859321594238
8142,0.5775541663169861
11046,0.32651716470718384
1429,0.3015904128551483
11800,0.4136495590209961
9019,0.6082434058189392
2504,0.2456771731376648
9706,0.21911409497261047
8201,0.4247158169746399
11125,0.47029128670692444
3908,0.4717417359352112
4465,0.54398345947265625
483,0.2952895760536194
9099,0.5562155842781067
4411,0.21798262000083923
12098,0.6068070530891418
78,0.5948694944381714
9240,0.19979307055473328
4023,0.47283291816711426
10148,0.3160421848297119
1417,0.6659074425697327
5122,0.31970393657684326
5938,0.3383617699146271
8442,0.4060108959674835
12279,0.6055559515953064
2156,0.23545920848846436
958,0.3231404721736908
9765,0.4238584041595459
4287,0.4423135221004486
11998,0.5356191992759705
3288,0.34460753202438354
7364,0.2265803962945938
5686,0.3310939073562622
662,0.3316285014152527
10152,0.618086040019989
10861,0.42568066716194153
10093,0.29165884852409363
12484,0.30486419796943665
3875,0.19992072880268097
10470,0.4329846501350403
12522,0.36237022280693054
1388,0.4371686577796936
9152,0.5958749651908875
2736,0.18129940330982208
11636,0.6476825475692749
271,0.40332600474357605
8531,0.28123095631599426
7555,0.3364381194114685
724,0.40544021129608154
9848,0.15022607147693634
4213,0.3350611925125122
5366,0.29578518867492676
6622,0.24457034468650818
420,0.3628184497356415
9982,0.27094322443008423
5139,0.5908715128898621
9217,0.29761216044425964
10673,0.45967984199523926
2887,0.3276665508747101
7753,0.4058530628681183
5187,0.40412774682044983
9264,0.2677321135997772
2401,0.17874573171138763
9104,0.5612697601318359
1893,0.2755013406276703
8564,0.318769633769989
7576,0.46724650263786316
933,0.2852703630924225
11008,0.18446648120880127
10927,0.27938979864120483
3275,0.3296988904476166
8535,0.3005445599555969
5080,0.27362877130508423
1223,0.23846659064292908
8133,0.38259121775627136
7238,0.31220608949661255
1548,0.6456924676895142
5878,0.32036611437797546
441,0.4021473824977875
8262,0.5093876123428345
1671,0.5395765900611877
1301,0.4674321413040161
6716,0.5054218769073486
11128,0.6611418128013611
9092,0.3008914589881897
2690,0.2213725745677948
12125,0.4542180597782135
1047,0.3278384208679199
3916,0.3798726201057434
8720,0.6135225296020508
3959,0.5418042540550232
8207,0.24290765821933746
9947,0.37806951999664307
7409,0.3988255560398102
9088,0.607592761516571
2693,0.33275723457336426
8372,0.26336508989334106
11813,0.675452470779419
8116,0.3939935863018036
485,0.4859444200992584
8771,0.2674911320209503
2806,0.6477064490318298
11439,0.3443835973739624
12479,0.2429817020893097
4640,0.6353389620780945
200,0.27558478713035583
11756,0.4081609845161438
7241,0.34532907605171204
10016,0.2817833721637726
728,0.4370526373386383
8282,0.747052013874054
821,0.4013083577156067
3423,0.28500667214393616
12002,0.4221498370170593
8824,0.6878024339675903
9977,0.5391243696212769
12436,0.4080786406993866
1778,0.25648194551467896
1462,0.49076104164123535
7009,0.16053131222724915
8796,0.23785410821437836
306,0.2848295271396637
2308,0.3529941141605377
10534,0.4438023269176483
10348,0.26751071214675903
9804,0.25305309891700745
9830,0.6814762353897095
1663,0.2418927699327469
6140,0.7790762186050415
5207,0.5547332763671875
10163,0.4704490005970001
2908,0.45221635699272156
2432,0.38347241282463074
3218,0.41094186902046204
8885,0.6208164095878601
1030,0.4112856686115265
10597,0.6485123038291931
11450,0.6606972217559814
9198,0.3213139772415161
4806,0.35152602195739746
3929,0.4720912277698517
5678,0.7220051288604736
3245,0.7827632427215576
3293,0.40900537371635437
7463,0.37265071272850037
9330,0.4825475215911865
11974,0.6201778650283813
8723,0.61928558349609375
7574,0.47649702429771423
7253,0.5370819568634033
6619,0.6621623635292053
2236,0.3812732696533203
6427,0.28782421350479126
8513,0.6025531888008118
2304,0.6725343465805054
5675,0.504855215549469
3759,0.533004641532898
12519,0.25107714533805847
8638,0.29876455664634705
1509,0.25259435176849365
2490,0.42108353972435
588,0.3425591289997101
3474,0.28029927611351013
10198,0.24506384134292603
4905,0.26934975385665894
1873,0.6130676865577698
9553,0.273470401763916
12358,0.31726619601249695
5691,0.28767168521881104
9422,0.41225388646125793
4484,0.2588423192501068
2644,0.3504115343093872
5195,0.3006289601325989
9218,0.37886694073677063
11442,0.6660938858985901
6022,0.6924740672111511
3504,0.6690120100975037
2692,0.41570624709129333
10739,0.43908700346946716
4866,0.13323810696601868
2833,0.21259570121765137
11132,0.29442840814590454
5895,0.4502364695072174
632,0.10103847831487656
9874,0.33904117345809937
6760,0.49633854627609253
4895,0.404221773147583
2892,0.4534859359264374
4748,0.27072465419769287
6592,0.5434682965278625
4647,0.31341224908828735
3745,0.34175440669059753
3091,0.3893742561340332
741,0.44260895252227783
4107,0.22450144588947296
3047,0.2755294144153595
8337,0.32131922245025635
3027,0.18115296959877014
105,0.35342031717300415
976,0.3458138704299927
5670,0.5529733300209045
2996,0.40194594860076904
7548,0.39042946696281433
4761,0.33922356367111206
2683,0.5422641038894653
1585,0.6401159167289734
10568,0.6660702228546143
11105,0.3208151161670685
4693,0.5101636052131653
12274,0.4713285267353058
9902,0.5064014792442322
8299,0.4240681827068329
10415,0.40887174010276794
12302,0.5360504388809204
3763,0.5155206918716431
11432,0.4437941610813141
8296,0.36427122354507446
11528,0.3456965684890747
6488,0.2803189754486084
7537,0.851719319820404
7403,0.3335687220096588
1219,0.48552075028419495
8199,0.5646822452545166
9756,0.2863490879535675
5893,0.393085777759552
3619,0.658510148525238
8649,0.19885480403900146
3408,0.3724161982536316
10272,0.27920418977737427
7520,0.2574813961982727
6876,0.6728166341781616
4125,0.6117064952850342
4379,0.40229034423828125
504,0.34619683027267456
2022,0.5120771527290344
1450,0.3115191161632538
1633,0.6426857113838196
5416,0.46452879905700684
1404,0.49571579694747925
4061,0.43476301431655884
10010,0.3024415969848633
4740,0.3847624957561493
330,0.2347417175769806
2043,0.3614955246448517
1835,0.338151752948761
6183,0.21520304679870605
6654,0.4069957733154297
4152,0.6904093623161316
8067,0.19904747605323792
3776,0.32099443674087524
6114,0.33804842829704285
541,0.6087999939918518
11794,0.2674858868122101
1194,0.32604143023490906
1546,0.43680238723754883
10464,0.5513185858726501
2529,0.548115611076355
12191,0.15640020370483398
12043,0.26931101083755493
4394,0.26613643765449524
6582,0.449872761964798
3739,0.41298577189445496
10533,0.3333107829093933
1058,0.4229812026023865
3178,0.5104527473449707
5729,0.4174330532550812
11213,0.7733916640281677
1583,0.20554275810718536
9713,0.5882931351661682
8686,0.6963551640510559
2487,0.5648424029350281
7288,0.6481386423110962
9909,0.7471617460250854
10816,0.4568936228752136
11261,0.6532132029533386
3315,0.3303775191307068
1007,0.7045385241508484
3002,0.5030462145805359
8818,0.27077731490135193
10460,0.6634839177131653
7697,0.4683350622653961
3352,0.2665270268917084
3525,0.22919125854969025
7131,0.736267626285553
96,0.28965848684310913
9005,0.35630279779434204
8681,0.2599193751811981
8501,0.6051090955734253
7022,0.2430357187986374
8275,0.6261389851570129
7979,0.6435263156890869
2291,0.548491358757019
1684,0.5857141613960266
7055,0.2964458167552948
5404,0.515312910079956
1944,0.6319534182548523
4110,0.35408368706703186
8556,0.21262553334236145
11404,0.34891989827156067
12419,0.7243641018867493
12111,0.8136900067329407
6655,0.2502400279045105
10856,0.4090822637081146
3259,0.49037089943885803
2119,0.5371842980384827
10245,0.37473300099372864
11628,0.30356264114379883
5154,0.5647866725921631
9552,0.29340288043022156
2639,0.5504025816917419
6242,0.4606788456439972
8862,0.5160616636276245
6661,0.5125681161880493
4077,0.17950990796089172
6095,0.34325724840164185
11373,0.6519771814346313
1122,0.45790499448776245
2707,0.6786714196205139
1267,0.25657957792282104
8418,0.2054249793291092
9718,0.4183938205242157
3510,0.38445189595222473
11000,0.5977957844734192
3606,0.7132962346076965
4838,0.7614836096763611
4468,0.40341323614120483
11610,0.70953369140625
9098,0.515087366104126
5754,0.387739360332489
8747,0.21187587082386017
3438,0.7800565958023071
8286,0.26271891593933105
11459,0.5891007781028748
6953,0.6509497165679932
2316,0.5832676887512207
10171,0.4035380184650421
8018,0.4474724233150482
1713,0.2980515658855438
7670,0.2602909505367279
9528,0.5818877816200256
6154,0.2224215716123581
5844,0.3425368666648865
9626,0.4365595877170563
603,0.2740643620491028
12147,0.3668428361415863
968,0.762523353099823
8742,0.29530608654022217
9504,0.7241857051849365
5965,0.33915701508522034
4906,0.1507282704114914
5689,0.3929540514945984
1797,0.5825452208518982
8961,0.2560030519962311
10377,0.7059165239334106
2537,0.17987371981143951
7617,0.4813665747642517
1592,0.37067100405693054
1106,0.3008544445037842
12296,0.3085991442203522
2439,0.28147295117378235
3281,0.5123617649078369
11104,0.4502628743648529
7227,0.3744845986366272
12405,0.47853752970695496
9998,0.3868311643600464
10910,0.38201215863227844
626,0.26158684492111206
2361,0.19641654193401337
3048,0.40847107768058777
11822,0.6273537278175354
10449,0.5578821897506714
7563,0.3527665436267853
2737,0.5335128903388977
8340,0.4459644854068756
9309,0.44678565859794617
1117,0.8082698583602905
2048,0.3065187931060791
11613,0.3705137073993683
459,0.4423622488975525
6808,0.4191342294216156
9376,0.3098422586917877
852,0.09773702919483185
12486,0.517764151096344
5767,0.1902373731136322
9020,0.39613473415374756
5894,0.344620019197464
6679,0.44112271070480347
1467,0.38665831089019775
7612,0.3457210063934326
10002,0.6260285377502441
3705,0.6393637657165527
10745,0.3861168324947357
12308,0.5349403619766235
7149,0.38883939385414124
10153,0.40888747572898865
10704,0.3353794813156128
4539,0.2713417112827301
5222,0.6762496829032898
9329,0.14546668529510498
3252,0.3737140893936157
5267,0.33873575925827026
11343,0.5534502267837524
11229,0.5897539854049683
3137,0.41563358902931213
9353,0.3699946105480194
5519,0.2610587477684021
4804,0.4114750921726227
1776,0.7128587365150452
6615,0.448047399520874
11174,0.6033587455749512
1329,0.41637298464775085
5912,0.4699519872665405
1208,0.7643948197364807
3169,0.49582234025001526
934,0.6151801943778992
11871,0.26788637042045593
7170,0.3910816013813019
12096,0.536102294921875
6431,0.46539607644081116
173,0.6756001710891724
9359,0.23243854939937592
3625,0.681778073310852
566,0.3563324213027954
8020,0.17867355048656464
9375,0.6153257489204407
10173,0.6153929829597473
6347,0.375374972820282
471,0.7559410333633423
11017,0.6415966153144836
5395,0.16166327893733978
9431,0.497426837682724
12304,0.4708929657936096
4844,0.4615218937397003
711,0.557333767414093
12426,0.40450629591941833
2685,0.30124029517173767
6374,0.6076877117156982
10388,0.7010144591331482
5031,0.2363426238298416
7598,0.595546543598175
8831,0.6574307084083557
7814,0.30312028527259827
5653,0.49786481261253357
11409,0.20957370102405548
5226,0.33245038986206055
3046,0.5627798438072205
3624,0.6906839609146118
1016,0.37630733847618103
10353,0.42295071482658386
5369,0.27040714025497437
4016,0.8686153292655945
6735,0.6248911023139954
10395,0.8226243257522583
9514,0.4173673093318939
1598,0.4186888039112091
7534,0.45833486318588257
4304,0.3304451107978821
6988,0.6498731374740601
2219,0.5461379289627075
284,0.6880808472633362
4569,0.35773298144340515
9096,0.570695161819458
8991,0.31047824025154114
12433,0.3098383843898773
1549,0.519743800163269
3260,0.6004633903503418
11141,0.25245678424835205
9204,0.49934977293014526
3779,0.46161124110221863
8530,0.7836290597915649
12366,0.3239332139492035
8223,0.45900800824165344
11981,0.24813345074653625
10997,0.23107391595840454
1786,0.6640761494636536
574,0.19831067323684692
2097,0.6770175099372864
2728,0.42685380578041077
2589,0.311928391456604
3673,0.6089778542518616
8978,0.39471861720085144
360,0.2386828511953354
11271,0.35397619009017944
8198,0.7314265370368958
4193,0.5629340410232544
1153,0.2969840466976166
6620,0.19241921603679657
11425,0.44416582584381104
5604,0.7116624712944031
9525,0.14650678634643555
7384,0.41651976108551025
8704,0.44108662009239197
9172,0.3340267837047577
7075,0.39676105976104736
4472,0.21835702657699585
8716,0.7441179156303406
7261,0.3334691822528839
12371,0.6778080463409424
1655,0.6154338121414185
8252,0.4760745167732239
72,0.41965702176094055
6468,0.41788214445114136
9063,0.25900304317474365
7105,0.27842259407043457
8113,0.4605821371078491
11370,0.3457072377204895
11061,0.42719143629074097
11833,0.302219033241272
10490,0.4407992959022522
3189,0.3792106509208679
6324,0.191947340965271
5211,0.5992379784584045
5350,0.2939044237136841
9475,0.15319912135601044
3010,0.34584498405456543
2904,0.4181177616119385
5671,0.6247631311416626
8793,0.20440950989723206
5630,0.498418927192688
4355,0.6815393567085266
7348,0.44262856245040894
7127,0.4211927056312561
4137,0.3298725485801697
4439,0.48468685150146484
3884,0.36035171151161194
12359,0.26636382937431335
9568,0.49681752920150757
4347,0.3107706904411316
11792,0.37117740511894226
443,0.2334892898797989
7166,0.29553160071372986
6322,0.2790798246860504
8042,0.48212873935699463
3180,0.40975862741470337
618,0.20493875443935394
12243,0.5270414352416992
7705,0.2676154673099518
522,0.3749545216560364
9619,0.230897918343544
3507,0.5320774912834167
9463,0.3223683834075928
6836,0.7544316053390503
5427,0.42928677797317505
5805,0.39453521370887756
9772,0.17233042418956757
2149,0.26067718863487244
11700,0.4504702389240265
2515,0.3424709439277649
4363,0.5480589866638184
10512,0.2430201917886734
11657,0.45994624495506287
217,0.5852419137954712
9860,0.26123568415641785
1604,0.5380507111549377
12267,0.27155375480651855
6563,0.424886018037796
6265,0.3716583847999573
900,0.49745142459869385
10956,0.7632338404655457
9645,0.28716692328453064
11251,0.6869506239891052
10125,0.3262319266796112
6122,0.2456284910440445
10012,0.5396784543991089
5,0.3742769658565521
5314,0.28797298669815063
10164,0.6158263683319092
1524,0.249904066324234
1391,0.2062128335237503
5551,0.2298073023557663
8406,0.27880859375
8820,0.5131435990333557
1063,0.3623338043689728
3153,0.29724636673927307
11005,0.22860902547836304
3248,0.4914966821670532
8433,0.4782984256744385
9530,0.34906554222106934
4085,0.48651373386383057
8813,0.38665565848350525
12009,0.4621053636074066
2315,0.18553532660007477
7027,0.21858733892440796
7769,0.31115689873695374
3160,0.448376327753067
3514,0.43210843205451965
5550,0.8299093842506409
693,0.397659033536911
7959,0.3105979263782501
4075,0.5934029221534729
6956,0.3922119140625
9979,0.3569127917289734
2842,0.47366878390312195
1381,0.2522934675216675
4973,0.4507967531681061
6996,0.5374518632888794
10398,0.4809977114200592
7370,0.5128504633903503
4854,0.6768014430999756
11578,0.4239719808101654
4657,0.4526241421699524
6245,0.49269065260887146
12068,0.19574038684368134
1614,0.4679759740829468
631,0.40429797768592834
166,0.4935681223869324
1506,0.22891798615455627
7817,0.3536755442619324
9333,0.2263559103012085
2416,0.5860390067100525
2240,0.3371812701225281
8237,0.2897360622882843
10734,0.6358885169029236
4736,0.38245803117752075
10811,0.352062463760376
11316,0.3925645351409912
4399,0.58439701795578
4797,0.5226703882217407
186,0.4395005404949188
1175,0.7882698774337769
2616,0.3627251982688904
1261,0.3307165801525116
7450,0.40162885189056396
4224,0.3407117426395416
8761,0.2687090337276459
4666,0.472208172082901
8188,0.6414138674736023
8781,0.6426225900650024
9385,0.8223055005073547
10741,0.3289967179298401
10659,0.7064922451972961
10205,0.2866171896457672
5941,0.32746654748916626
4010,0.5674557685852051
1528,0.494013249874115
1090,0.27197709679603577
7373,0.30936357378959656
6751,0.7062786817550659
8999,0.3459451496601105
6000,0.3357955813407898
1576,0.5224525332450867
10829,0.6737977862358093
7897,0.394146203994751
5378,0.359079509973526
4700,0.7113738059997559
1838,0.47578904032707214
10174,0.2259896844625473
11303,0.4206307828426361
6176,0.1989418864250183
6710,0.6063072085380554
7480,0.2416359931230545
3078,0.1714361011981964
7106,0.24541929364204407
12040,0.3078285753726959
1176,0.25380274653434753
3421,0.4284728169441223
1289,0.35596516728401184
4311,0.4199438989162445
1248,0.5913832187652588
12311,0.4920778274536133
4796,0.29273808002471924
8912,0.40450572967529297
11276,0.3640556335449219
1062,0.33477312326431274
4192,0.5286546349525452
12255,0.483344167470932
8613,0.42171287536621094
6893,0.2746274471282959
11412,0.4023415148258209
1394,0.4241265058517456
9898,0.570237398147583
8654,0.3178793787956238
3981,0.680137574672699
9421,0.34177711606025696
2987,0.25656771659851074
11473,0.3262723982334137
10990,0.2855590879917145
1705,0.19260987639427185
10793,0.48683664202690125
5488,0.4887300133705139
11088,0.4965800642967224
593,0.2516234219074249
9606,0.2781970500946045
9029,0.5769567489624023
4982,0.46098536252975464
1732,0.36580199003219604
4274,0.402513325214386
747,0.17984521389007568
4441,0.1896713525056839
6550,0.5119510293006897
5196,0.5682850480079651
3092,0.38946640491485596
3340,0.27271729707717896
7293,0.20601150393486023
12143,0.7998224496841431
11890,0.3225623667240143
6986,0.4050711393356323
12134,0.3353216350078583
9842,0.35835975408554077
1854,0.46669965982437134
2050,0.47680532932281494
2983,0.3131709396839142
8125,0.3268684446811676
3146,0.5280856490135193
1923,0.32012248039245605
2434,0.8231810331344604
7455,0.3249024748802185
4120,0.3724121153354645
2312,0.2758321166038513
2233,0.3264671564102173
4843,0.3158327341079712
10077,0.5305735468864441
3320,0.4287804365158081
8265,0.7282833456993103
10996,0.5559222102165222
2445,0.5117184519767761
4293,0.48723047971725464
1339,0.4723626375198364
4368,0.6017517447471619
1265,0.36912235617637634
2383,0.7338205575942993
10794,0.8357860445976257
6823,0.40124958753585815
695,0.2854858934879303
12472,0.595589280128479
1993,0.6149572134017944
123,0.4601098597049713
4717,0.2783021628856659
8459,0.4832212030887604
9799,0.20194369554519653
3272,0.3525809645652771
7486,0.3211076557636261
11534,0.3041897714138031
9216,0.5158969163894653
7721,0.3129212558269501
3825,0.2869374454021454
8429,0.46388301253318787
11678,0.28277990221977234
6634,0.21948523819446564
8872,0.4324895143508911
11133,0.3587580621242523
4891,0.5561458468437195
7263,0.4437967538833618
2314,0.5438587665557861
12106,0.6000280976295471
901,0.24271556735038757
9551,0.5491247177124023
5186,0.4263506829738617
589,0.3851962983608246
10344,0.2781968116760254
6110,0.321802020072937
8561,0.3464157283306122
11028,0.5259243249893188
11658,0.4027416706085205
3928,0.21625472605228424
9139,0.24153085052967072
11660,0.6937151551246643
1512,0.23557016253471375
8823,0.279263436794281
6456,0.6270741820335388
9326,0.6483243107795715
10103,0.41507723927497864
3936,0.8404329419136047
8850,0.14195603132247925
7736,0.5176267623901367
8037,0.6686584949493408
12485,0.5102980732917786
5636,0.5393556356430054
3811,0.5016783475875854
2671,0.1582261025905609
3268,0.8338757157325745
1285,0.6588967442512512
6314,0.36869338154792786
633,0.2788548767566681
10915,0.43794313073158264
260,0.316025048494339
8248,0.31971314549446106
1216,0.2186533510684967
5357,0.4158395528793335
562,0.5831059813499451
8966,0.31198859214782715
6889,0.425753653049469
9843,0.1964343637228012
209,0.21754945814609528
3436,0.1729366034269333
11739,0.5056150555610657
9811,0.2309923619031906
6387,0.5468772649765015
3524,0.27919185161590576
6993,0.7628552913665771
1882,0.8042644262313843
8773,0.48476526141166687
1400,0.19937734305858612
10877,0.4119545817375183
2229,0.48906922340393066
5783,0.16858166456222534
9541,0.4331681430339813
51,0.5254355072975159
11315,0.6124100685119629
8942,0.36589327454566956
11115,0.3630317151546478
5815,0.560451865196228
5709,0.35637757182121277
3960,0.5098162889480591
447,0.32579296827316284
8669,0.7718624472618103
1563,0.27138036489486694
395,0.7969769239425659
2762,0.372591108083725
4671,0.5390202403068542
10313,0.45017820596694946
368,0.4882350265979767
5114,0.30673012137413025
6688,0.5432673692703247
10677,0.21597059071063995
8645,0.20058205723762512
6662,0.3932516276836395
3889,0.3339560925960541
6780,0.5915583372116089
1307,0.291757196187973
4625,0.5507458448410034
423,0.40652406215667725
10373,0.4904879927635193
11342,0.5266700387001038
3977,0.36442726850509644
9809,0.2922356128692627
9496,0.3920397162437439
5060,0.2895530164241791
6369,0.6659119725227356
5429,0.23632395267486572
28,0.2825913429260254
6341,0.31309616565704346
6137,0.33108559250831604
9905,0.28478530049324036
6144,0.46610239148139954
3899,0.38511693477630615
3992,0.375189870595932
10995,0.24590516090393066
6596,0.49223652482032776
11270,0.14736689627170563
4885,0.4982278347015381
8314,0.5423117280006409
10975,0.36676695942878723
3459,0.8223970532417297
2830,0.45604369044303894
3455,0.28407520055770874
9666,0.6756724715232849
8511,0.4439091980457306
2618,0.2970164716243744
11829,0.2406686544418335
11331,0.4794048070907593
2150,0.29014208912849426
4164,0.36095958948135376
1072,0.27852320671081543
4264,0.4180924892425537
6818,0.40938428044319153
4320,0.2475215345621109
3880,0.4273294508457184
248,0.46535202860832214
5157,0.5006469488143921
6506,0.5783407092094421
4197,0.7422209978103638
11420,0.5829399824142456
963,0.5029150247573853
6127,0.3742024898529053
3677,0.37396612763404846
5093,0.6484329104423523
2332,0.29905208945274353
1648,0.2961159944534302
3823,0.665308952331543
9788,0.312577486038208
10181,0.6274855136871338
10256,0.4480980634689331
4051,0.6059287786483765
1229,0.48304685950279236
3214,0.5312479734420776
1995,0.31564652919769287
4074,0.4935184121131897
4608,0.44552549719810486
5658,0.4598250091075897
10938,0.3722149431705475
8342,0.28986290097236633
4356,0.32537326216697693
77,0.371510773897171
12233,0.7187137603759766
1810,0.48787030577659607
9221,0.4298008978366852
3131,0.4415615499019623
7284,0.32187220454216003
